{
	"languages": {
		"count": 2,
		"language": [
			{
				"files_to_analyze": [
					{
						"checksum": "11e7a949a3b2bcdb3f71c7729daf33a6ed39d388",
						"file": "C:\/Program Files (x86)\/Reference Assemblies\/Microsoft\/Framework\/.NETFramework\/v4.8\/Microsoft.CSharp.dll"
					},
					{
						"checksum": "3aa5cbe2846a73ebafd1a7aa8c23b2e491557d6f",
						"file": "C:\/Program Files (x86)\/Reference Assemblies\/Microsoft\/Framework\/.NETFramework\/v4.8\/System.Core.dll"
					},
					{
						"checksum": "8037cc183663919b64e813f32dea52675e30c2cb",
						"file": "C:\/Program Files (x86)\/Reference Assemblies\/Microsoft\/Framework\/.NETFramework\/v4.8\/System.Data.DataSetExtensions.dll"
					},
					{
						"checksum": "bfc8fd8e2341a6ccfda95d8be5d7c425295672d5",
						"file": "C:\/Program Files (x86)\/Reference Assemblies\/Microsoft\/Framework\/.NETFramework\/v4.8\/System.Data.dll"
					},
					{
						"checksum": "62701a08aa9bf0159b6b9b1efc76d62725181fac",
						"file": "C:\/Program Files (x86)\/Reference Assemblies\/Microsoft\/Framework\/.NETFramework\/v4.8\/System.Deployment.dll"
					},
					{
						"checksum": "e5536a0cf421e82f8a9c942c37326e6836806fc7",
						"file": "C:\/Program Files (x86)\/Reference Assemblies\/Microsoft\/Framework\/.NETFramework\/v4.8\/System.Drawing.dll"
					},
					{
						"checksum": "515f0bcff3878bea4f71337c25ca7469905942d5",
						"file": "C:\/Program Files (x86)\/Reference Assemblies\/Microsoft\/Framework\/.NETFramework\/v4.8\/System.Net.Http.dll"
					},
					{
						"checksum": "79c9b2c2396b89cac82f277e41ab5460296837f2",
						"file": "C:\/Program Files (x86)\/Reference Assemblies\/Microsoft\/Framework\/.NETFramework\/v4.8\/System.Windows.Forms.dll"
					},
					{
						"checksum": "3e292375f4df6284f295f7410f9cdeb674b99ed1",
						"file": "C:\/Program Files (x86)\/Reference Assemblies\/Microsoft\/Framework\/.NETFramework\/v4.8\/System.Xml.Linq.dll"
					},
					{
						"checksum": "16a13de42754e6d42210e8f7b5ceb15f3c8c4ae8",
						"file": "C:\/Program Files (x86)\/Reference Assemblies\/Microsoft\/Framework\/.NETFramework\/v4.8\/System.Xml.dll"
					},
					{
						"checksum": "996236960c9dd8e96666d4fa414617eff7f4daaf",
						"file": "C:\/Program Files (x86)\/Reference Assemblies\/Microsoft\/Framework\/.NETFramework\/v4.8\/System.dll"
					},
					{
						"checksum": "e5da999106ee53a79430a49383a7f5b6048fd50d",
						"file": "C:\/Program Files (x86)\/Reference Assemblies\/Microsoft\/Framework\/.NETFramework\/v4.8\/mscorlib.dll"
					},
					{
						"checksum": "31d2e1cc8943867ac5fb96edcc1b5fd82a54f749",
						"file": "C:\/Users\/sarafias\/Desktop\/Projects-Current\/TestHCL\/HW-DotNet48\/HW-DotNet48\/bin\/Debug\/HW-DotNet48.exe"
					}
				],
				"name": "Open Source"
			},
			{
				"files_to_analyze": [
					{
						"checksum": "31d2e1cc8943867ac5fb96edcc1b5fd82a54f749",
						"file": "C:\/Users\/sarafias\/Desktop\/Projects-Current\/TestHCL\/HW-DotNet48\/HW-DotNet48\/bin\/Debug\/HW-DotNet48.exe"
					}
				],
				"name": "DotNet"
			}
		]
	}
}